Index,Filename,Status,Expected_Mode,Actual_Mode,Mode_Correct,Processing_Time_s,Rain_Score,Glare_Score,Glare_Percentage,Needs_Enhancement,Critical_Issue
1,glare.png,success,ENHANCE,ENHANCE,True,0.3121631145477295,0.18,0.0006587921626984127,0.06587921626984128,True,False
2,glare.png,success,ENHANCE,ENHANCE,True,0.27406787872314453,0.18,0.0006587921626984127,0.06587921626984128,True,False
3,glare_fliph.png,success,ENHANCE,ENHANCE,True,0.2764103412628174,0.18,0.0006587921626984127,0.06587921626984128,True,False
4,glare_fliph.png,success,ENHANCE,ENHANCE,True,0.27716493606567383,0.18,0.0006587921626984127,0.06587921626984128,True,False
5,input.png,success,DEGLARE,DEGLARE,True,4.633424520492554,0.18,0.03299141589506173,3.299141589506173,False,False
6,input.png,success,DEGLARE,DEGLARE,True,4.663316965103149,0.18,0.03299141589506173,3.299141589506173,False,False
7,input_fliph.png,success,DEGLARE,DEGLARE,True,5.0637123584747314,0.18,0.03299141589506173,3.299141589506173,False,False
8,input_fliph.png,success,DEGLARE,DEGLARE,True,5.145594120025635,0.18,0.03299141589506173,3.299141589506173,False,False
9,KIMG0160.JPG,success,DEGLARE,DEGLARE,True,0.6775693893432617,0.048738903079333484,0.035655737704918034,3.5655737704918034,False,False
10,KIMG0160.JPG,success,DEGLARE,DEGLARE,True,0.7153918743133545,0.048738903079333484,0.035655737704918034,3.5655737704918034,False,False
11,KIMG0160_fliph.JPG,success,DEGLARE,DEGLARE,True,0.69808030128479,0.04885907715726925,0.03482142857142857,3.482142857142857,False,False
12,KIMG0160_fliph.JPG,success,DEGLARE,DEGLARE,True,0.6753871440887451,0.04885907715726925,0.03482142857142857,3.482142857142857,False,False
13,KIMG0161.JPG,success,DEGLARE,DEGLARE,True,0.7547721862792969,0.18,0.026693013270882124,2.6693013270882124,False,False
14,KIMG0161.JPG,success,DEGLARE,DEGLARE,True,0.6915862560272217,0.18,0.026693013270882124,2.6693013270882124,False,False
15,KIMG0161_fliph.JPG,success,DEGLARE,DEGLARE,True,0.6625461578369141,0.18,0.025858704137392663,2.5858704137392663,False,False
16,KIMG0161_fliph.JPG,success,DEGLARE,DEGLARE,True,0.6896800994873047,0.18,0.025858704137392663,2.5858704137392663,False,False
17,KIMG0162.JPG,success,DEGLARE,DEGLARE,True,0.7009274959564209,0.18,0.030623048399687745,3.0623048399687747,False,False
18,KIMG0162.JPG,success,DEGLARE,DEGLARE,True,0.6901743412017822,0.18,0.030623048399687745,3.0623048399687747,False,False
19,KIMG0162_fliph.JPG,success,DEGLARE,DEGLARE,True,0.6859314441680908,0.18,0.029508196721311476,2.9508196721311477,False,False
20,KIMG0162_fliph.JPG,success,DEGLARE,DEGLARE,True,0.6969799995422363,0.18,0.029508196721311476,2.9508196721311477,False,False
21,KIMG0163.JPG,success,DEGLARE,DEGLARE,True,0.6875450611114502,0.18,0.03046204137392662,3.046204137392662,False,False
22,KIMG0163.JPG,success,DEGLARE,DEGLARE,True,0.6907749176025391,0.18,0.03046204137392662,3.046204137392662,False,False
23,KIMG0163_fliph.JPG,success,DEGLARE,DEGLARE,True,0.6821978092193604,0.18,0.029752146760343483,2.9752146760343483,False,False
24,KIMG0163_fliph.JPG,success,DEGLARE,DEGLARE,True,0.6829149723052979,0.18,0.029752146760343483,2.9752146760343483,False,False
25,KIMG0164.JPG,success,DEGLARE,DEGLARE,True,0.6904215812683105,0.050413977753049115,0.03958577283372365,3.958577283372365,False,False
26,KIMG0164.JPG,success,DEGLARE,DEGLARE,True,0.6690917015075684,0.050413977753049115,0.03958577283372365,3.958577283372365,False,False
27,KIMG0164_fliph.JPG,success,DEGLARE,DEGLARE,True,0.6642401218414307,0.05012924200907716,0.03898565573770492,3.898565573770492,False,False
28,KIMG0164_fliph.JPG,success,DEGLARE,DEGLARE,True,0.8327004909515381,0.05012924200907716,0.03898565573770492,3.898565573770492,False,False
29,KIMG0165.JPG,success,DEGLARE,DEGLARE,True,0.7277350425720215,0.06016425063828059,0.03804888758782202,3.8048887587822016,False,False
30,KIMG0165.JPG,success,DEGLARE,DEGLARE,True,0.7013013362884521,0.06016425063828059,0.03804888758782202,3.8048887587822016,False,False
31,KIMG0165_fliph.JPG,success,DEGLARE,DEGLARE,True,0.7092757225036621,0.05902417398163642,0.036990144418423104,3.6990144418423103,False,False
32,KIMG0165_fliph.JPG,success,DEGLARE,DEGLARE,True,0.7580652236938477,0.05902417398163642,0.036990144418423104,3.6990144418423103,False,False
33,KIMG0166.JPG,success,DEGLARE,DEGLARE,True,0.7014248371124268,0.18,0.033826112412177985,3.3826112412177984,False,False
34,KIMG0166.JPG,success,DEGLARE,DEGLARE,True,0.7088394165039062,0.18,0.033826112412177985,3.3826112412177984,False,False
35,KIMG0166_fliph.JPG,success,DEGLARE,DEGLARE,True,0.6813201904296875,0.06221487810399313,0.03205747462919594,3.205747462919594,False,False
36,KIMG0166_fliph.JPG,success,DEGLARE,DEGLARE,True,0.6903650760650635,0.06221487810399313,0.03205747462919594,3.205747462919594,False,False
37,KIMG0167.JPG,success,DEGLARE,DEGLARE,True,0.7138707637786865,0.058238571496996905,0.030601092896174863,3.060109289617486,False,False
38,KIMG0167.JPG,success,DEGLARE,DEGLARE,True,0.7014238834381104,0.058238571496996905,0.030601092896174863,3.060109289617486,False,False
39,KIMG0167_fliph.JPG,success,DEGLARE,DEGLARE,True,0.6924643516540527,0.057584834174630464,0.029193501170960187,2.9193501170960188,False,False
40,KIMG0167_fliph.JPG,success,DEGLARE,DEGLARE,True,0.677832841873169,0.057584834174630464,0.029193501170960187,2.9193501170960188,False,False
41,KIMG0168.JPG,success,DEGLARE,DEGLARE,True,0.6905910968780518,0.04921715566391846,0.02342408274785324,2.342408274785324,False,False
42,KIMG0168.JPG,success,DEGLARE,DEGLARE,True,0.7266087532043457,0.04921715566391846,0.02342408274785324,2.342408274785324,False,False
43,KIMG0168_fliph.JPG,success,DEGLARE,DEGLARE,True,0.7029638290405273,0.04922879731795271,0.022436085089773614,2.243608508977361,False,False
44,KIMG0168_fliph.JPG,success,DEGLARE,DEGLARE,True,0.6792938709259033,0.04922879731795271,0.022436085089773614,2.243608508977361,False,False
45,KIMG0169.JPG,success,DEGLARE,DEGLARE,True,0.7485475540161133,0.05003384650530086,0.01480288836846214,1.480288836846214,False,False
46,KIMG0169.JPG,success,DEGLARE,DEGLARE,True,0.6903526782989502,0.05003384650530086,0.01480288836846214,1.480288836846214,False,False
47,KIMG0169_fliph.JPG,success,DEGLARE,DEGLARE,True,0.6664230823516846,0.04930000529934221,0.01370511319281811,1.370511319281811,False,False
48,KIMG0169_fliph.JPG,success,DEGLARE,DEGLARE,True,0.6652286052703857,0.04930000529934221,0.01370511319281811,1.370511319281811,False,False
49,KIMG0170.JPG,success,DEGLARE,DEGLARE,True,0.7464573383331299,0.18,0.028627537080405933,2.8627537080405934,False,False
50,KIMG0170.JPG,success,DEGLARE,DEGLARE,True,0.709355354309082,0.18,0.028627537080405933,2.8627537080405934,False,False
51,KIMG0170_fliph.JPG,success,DEGLARE,DEGLARE,True,0.7021334171295166,0.18,0.02735411787665886,2.735411787665886,False,False
52,KIMG0170_fliph.JPG,success,DEGLARE,DEGLARE,True,0.7576432228088379,0.18,0.02735411787665886,2.735411787665886,False,False
53,KIMG0171.JPG,success,DEGLARE,DEGLARE,True,0.7186727523803711,0.18,0.03660226385636222,3.660226385636222,False,False
54,KIMG0171.JPG,success,DEGLARE,DEGLARE,True,0.7346727848052979,0.18,0.03660226385636222,3.660226385636222,False,False
55,KIMG0171_fliph.JPG,success,DEGLARE,DEGLARE,True,0.7145421504974365,0.18,0.035470335675253706,3.5470335675253706,False,False
56,KIMG0171_fliph.JPG,success,DEGLARE,DEGLARE,True,0.6999959945678711,0.18,0.035470335675253706,3.5470335675253706,False,False
57,KIMG0172.JPG,success,DEGLARE,DEGLARE,True,0.7068789005279541,0.056962462473064426,0.03795618657298985,3.795618657298985,False,False
58,KIMG0172.JPG,success,DEGLARE,DEGLARE,True,0.6987779140472412,0.056962462473064426,0.03795618657298985,3.795618657298985,False,False
59,KIMG0172_fliph.JPG,success,DEGLARE,DEGLARE,True,0.6891331672668457,0.05665742637791922,0.03612900078064012,3.6129000780640124,False,False
60,KIMG0172_fliph.JPG,success,DEGLARE,DEGLARE,True,0.8514318466186523,0.05665742637791922,0.03612900078064012,3.6129000780640124,False,False
61,KIMG0173.JPG,success,DEGLARE,DEGLARE,True,0.7058689594268799,0.07048865025793016,0.027617583918813426,2.7617583918813424,False,False
62,KIMG0173.JPG,success,DEGLARE,DEGLARE,True,0.7034931182861328,0.07048865025793016,0.027617583918813426,2.7617583918813424,False,False
63,KIMG0173_fliph.JPG,success,DEGLARE,DEGLARE,True,0.9304635524749756,0.07063331777386456,0.025990437158469944,2.5990437158469946,False,False
64,KIMG0173_fliph.JPG,success,DEGLARE,DEGLARE,True,0.6889235973358154,0.07063331777386456,0.025990437158469944,2.5990437158469946,False,False
65,KIMG0174.JPG,success,DEGLARE,DEGLARE,True,0.7494947910308838,0.07633136400371028,0.0469603825136612,4.69603825136612,False,False
66,KIMG0174.JPG,success,DEGLARE,DEGLARE,True,0.712249755859375,0.07633136400371028,0.0469603825136612,4.69603825136612,False,False
67,KIMG0174_fliph.JPG,success,DEGLARE,DEGLARE,True,0.7266886234283447,0.07588442412606058,0.04564549180327869,4.564549180327869,False,False
68,KIMG0174_fliph.JPG,success,DEGLARE,DEGLARE,True,0.7065916061401367,0.07588442412606058,0.04564549180327869,4.564549180327869,False,False
69,KIMG0175.JPG,success,DEGLARE,DEGLARE,True,0.7196812629699707,0.18,0.05078064012490242,5.078064012490242,False,False
70,KIMG0175.JPG,success,DEGLARE,DEGLARE,True,0.712557315826416,0.18,0.05078064012490242,5.078064012490242,False,False
71,KIMG0175_fliph.JPG,success,DEGLARE,DEGLARE,True,0.7352170944213867,0.18,0.049426717408274784,4.942671740827478,False,False
72,KIMG0175_fliph.JPG,success,DEGLARE,DEGLARE,True,0.7158279418945312,0.18,0.049426717408274784,4.942671740827478,False,False
73,KIMG0176.JPG,success,DEGLARE,DEGLARE,True,0.7019214630126953,0.18,0.04807035519125683,4.807035519125683,False,False
74,KIMG0176.JPG,success,DEGLARE,DEGLARE,True,0.7122464179992676,0.18,0.04807035519125683,4.807035519125683,False,False
75,KIMG0176_fliph.JPG,success,DEGLARE,DEGLARE,True,0.7036538124084473,0.18,0.046733508977361435,4.673350897736143,False,False
76,KIMG0176_fliph.JPG,success,DEGLARE,DEGLARE,True,0.7252328395843506,0.18,0.046733508977361435,4.673350897736143,False,False
77,KIMG0177.JPG,success,DEGLARE,DEGLARE,True,0.7009713649749756,0.18,0.044015905542544885,4.401590554254488,False,False
78,KIMG0177.JPG,success,DEGLARE,DEGLARE,True,0.6988506317138672,0.18,0.044015905542544885,4.401590554254488,False,False
79,KIMG0177_fliph.JPG,success,DEGLARE,DEGLARE,True,0.6956789493560791,0.0801796443743601,0.04258147931303669,4.258147931303669,False,False
80,KIMG0177_fliph.JPG,success,DEGLARE,DEGLARE,True,0.7719216346740723,0.0801796443743601,0.04258147931303669,4.258147931303669,False,False
81,KIMG0178.JPG,success,DEGLARE,DEGLARE,True,0.7574079036712646,0.18,0.03179156908665105,3.1791569086651053,False,False
82,KIMG0178.JPG,success,DEGLARE,DEGLARE,True,0.7188520431518555,0.18,0.03179156908665105,3.1791569086651053,False,False
83,KIMG0178_fliph.JPG,success,DEGLARE,DEGLARE,True,0.6988346576690674,0.18,0.030864558938329432,3.086455893832943,False,False
84,KIMG0178_fliph.JPG,success,DEGLARE,DEGLARE,True,0.8845677375793457,0.18,0.030864558938329432,3.086455893832943,False,False
85,KIMG0179.JPG,success,DEGLARE,DEGLARE,True,0.689838171005249,0.08889054258023861,0.03840749414519906,3.840749414519906,False,False
86,KIMG0179.JPG,success,DEGLARE,DEGLARE,True,0.7014822959899902,0.08889054258023861,0.03840749414519906,3.840749414519906,False,False
87,KIMG0179_fliph.JPG,success,DEGLARE,DEGLARE,True,0.7234752178192139,0.08836866695978814,0.03723409445745511,3.723409445745511,False,False
88,KIMG0179_fliph.JPG,success,DEGLARE,DEGLARE,True,0.7003612518310547,0.08836866695978814,0.03723409445745511,3.723409445745511,False,False
89,KIMG0180.JPG,success,DEGLARE,DEGLARE,True,0.7337989807128906,0.07920788856978576,0.039754098360655736,3.9754098360655736,False,False
90,KIMG0180.JPG,success,DEGLARE,DEGLARE,True,0.730280876159668,0.07920788856978576,0.039754098360655736,3.9754098360655736,False,False
91,KIMG0180_fliph.JPG,success,DEGLARE,DEGLARE,True,0.7083771228790283,0.07720213992335608,0.03806596409055425,3.8065964090554254,False,False
92,KIMG0180_fliph.JPG,success,DEGLARE,DEGLARE,True,0.7013163566589355,0.07720213992335608,0.03806596409055425,3.8065964090554254,False,False
93,KIMG0181.JPG,success,DEGLARE,DEGLARE,True,0.7239770889282227,0.07634298279721836,0.04611875487900078,4.611875487900078,False,False
94,KIMG0181.JPG,success,DEGLARE,DEGLARE,True,0.703169584274292,0.07634298279721836,0.04611875487900078,4.611875487900078,False,False
95,KIMG0181_fliph.JPG,success,DEGLARE,DEGLARE,True,0.727200984954834,0.07657099347393169,0.044767271662763466,4.476727166276347,False,False
96,KIMG0181_fliph.JPG,success,DEGLARE,DEGLARE,True,0.7158324718475342,0.07657099347393169,0.044767271662763466,4.476727166276347,False,False
97,KIMG0182.JPG,success,DEGLARE,DEGLARE,True,0.6985609531402588,0.0766699191536456,0.044747755659640905,4.474775565964091,False,False
98,KIMG0182.JPG,success,DEGLARE,DEGLARE,True,0.7004954814910889,0.0766699191536456,0.044747755659640905,4.474775565964091,False,False
99,KIMG0182_fliph.JPG,success,DEGLARE,DEGLARE,True,0.712817907333374,0.07601789567713634,0.043957357533177206,4.39573575331772,False,False
100,KIMG0182_fliph.JPG,success,DEGLARE,DEGLARE,True,0.7206916809082031,0.07601789567713634,0.043957357533177206,4.39573575331772,False,False
101,KIMG0183.JPG,success,DEGLARE,DEGLARE,True,0.7028615474700928,0.07324662565180197,0.05912861046057767,5.912861046057767,False,False
102,KIMG0183.JPG,success,DEGLARE,DEGLARE,True,0.7072365283966064,0.07324662565180197,0.05912861046057767,5.912861046057767,False,False
103,KIMG0183_fliph.JPG,success,DEGLARE,DEGLARE,True,0.711435079574585,0.07263494606985917,0.05776492974238876,5.776492974238876,False,False
104,KIMG0183_fliph.JPG,success,DEGLARE,DEGLARE,True,0.7277810573577881,0.07263494606985917,0.05776492974238876,5.776492974238876,False,False
105,KIMG0184.JPG,success,DEGLARE,DEGLARE,True,0.923377275466919,0.18,0.05030493754879001,5.030493754879001,False,False
106,KIMG0184.JPG,success,DEGLARE,DEGLARE,True,0.7750992774963379,0.18,0.05030493754879001,5.030493754879001,False,False
107,KIMG0184_fliph.JPG,success,DEGLARE,DEGLARE,True,0.7202868461608887,0.18,0.048972970335675256,4.897297033567526,False,False
108,KIMG0184_fliph.JPG,success,DEGLARE,DEGLARE,True,0.71840500831604,0.18,0.048972970335675256,4.897297033567526,False,False
109,KIMG0185.JPG,success,DEGLARE,DEGLARE,True,0.7077655792236328,0.07994154189684485,0.038941744730679156,3.8941744730679155,False,False
110,KIMG0185.JPG,success,DEGLARE,DEGLARE,True,0.7396080493927002,0.07994154189684485,0.038941744730679156,3.8941744730679155,False,False
111,KIMG0185_fliph.JPG,success,DEGLARE,DEGLARE,True,0.7099387645721436,0.07995344487817564,0.03775126854020296,3.7751268540202965,False,False
112,KIMG0185_fliph.JPG,success,DEGLARE,DEGLARE,True,0.7009787559509277,0.07995344487817564,0.03775126854020296,3.7751268540202965,False,False
113,KIMG0186.JPG,success,DEGLARE,DEGLARE,True,0.7009146213531494,0.18,0.04160323965651835,4.160323965651835,False,False
114,KIMG0186.JPG,success,DEGLARE,DEGLARE,True,0.7011988162994385,0.18,0.04160323965651835,4.160323965651835,False,False
115,KIMG0186_fliph.JPG,success,DEGLARE,DEGLARE,True,0.7397799491882324,0.08276662552306809,0.039993169398907104,3.9993169398907105,False,False
116,KIMG0186_fliph.JPG,success,DEGLARE,DEGLARE,True,0.703235387802124,0.08276662552306809,0.039993169398907104,3.9993169398907105,False,False
117,KIMG0187.JPG,success,DEGLARE,DEGLARE,True,0.7253141403198242,0.18,0.03901736924277908,3.9017369242779076,False,False
118,KIMG0187.JPG,success,DEGLARE,DEGLARE,True,0.723635196685791,0.18,0.03901736924277908,3.9017369242779076,False,False
119,KIMG0187_fliph.JPG,success,DEGLARE,DEGLARE,True,0.7185244560241699,0.18,0.03748292349726776,3.748292349726776,False,False
120,KIMG0187_fliph.JPG,success,DEGLARE,DEGLARE,True,0.7530386447906494,0.18,0.03748292349726776,3.748292349726776,False,False
121,KIMG0188.JPG,success,DEGLARE,DEGLARE,True,0.7408807277679443,0.06695520580335548,0.039573575331772054,3.9573575331772055,False,False
122,KIMG0188.JPG,success,DEGLARE,DEGLARE,True,0.6970467567443848,0.06695520580335548,0.039573575331772054,3.9573575331772055,False,False
123,KIMG0188_fliph.JPG,success,DEGLARE,DEGLARE,True,0.784041166305542,0.06704139501996735,0.03843432864949258,3.843432864949258,False,False
124,KIMG0188_fliph.JPG,success,DEGLARE,DEGLARE,True,0.705265998840332,0.06704139501996735,0.03843432864949258,3.843432864949258,False,False
125,KIMG0189.JPG,success,ENHANCE,ENHANCE,True,0.5518336296081543,0.013088422451831956,0.002466334894613583,0.2466334894613583,True,False
126,KIMG0189.JPG,success,ENHANCE,ENHANCE,True,0.38631176948547363,0.013088422451831956,0.002466334894613583,0.2466334894613583,True,False
127,KIMG0189_fliph.JPG,success,ENHANCE,ENHANCE,True,0.6058707237243652,0.013146408638111048,0.0023492388758782202,0.234923887587822,True,False
128,KIMG0189_fliph.JPG,success,ENHANCE,ENHANCE,True,0.38331127166748047,0.013146408638111048,0.0023492388758782202,0.234923887587822,True,False
129,KIMG0190.JPG,success,ENHANCE,ENHANCE,True,0.39313626289367676,0.016707670237384332,0.004391100702576112,0.43911007025761123,True,False
130,KIMG0190.JPG,success,ENHANCE,ENHANCE,True,0.39507007598876953,0.016707670237384332,0.004391100702576112,0.43911007025761123,True,False
131,KIMG0190_fliph.JPG,success,ENHANCE,ENHANCE,True,0.3878967761993408,0.016928866742049287,0.003478727556596409,0.34787275565964093,True,False
132,KIMG0190_fliph.JPG,success,ENHANCE,ENHANCE,True,0.3961505889892578,0.016928866742049287,0.003478727556596409,0.34787275565964093,True,False
133,KIMG0191.JPG,success,DEGLARE,DEGLARE,True,0.7934067249298096,0.18,0.04961211943793911,4.961211943793911,False,False
134,KIMG0191.JPG,success,DEGLARE,DEGLARE,True,0.7237794399261475,0.18,0.04961211943793911,4.961211943793911,False,False
135,KIMG0191_fliph.JPG,success,DEGLARE,DEGLARE,True,0.770169734954834,0.18,0.0484435987509758,4.84435987509758,False,False
136,KIMG0191_fliph.JPG,success,DEGLARE,DEGLARE,True,0.7248589992523193,0.18,0.0484435987509758,4.84435987509758,False,False
137,KIMG0192.JPG,success,DEGLARE,DEGLARE,True,0.6854636669158936,0.18,0.016244633099141297,1.6244633099141297,False,False
138,KIMG0192.JPG,success,DEGLARE,DEGLARE,True,0.6808843612670898,0.18,0.016244633099141297,1.6244633099141297,False,False
139,KIMG0192_fliph.JPG,success,DEGLARE,DEGLARE,True,0.6784985065460205,0.18,0.015829918032786886,1.5829918032786887,False,False
140,KIMG0192_fliph.JPG,success,DEGLARE,DEGLARE,True,0.7096235752105713,0.18,0.015829918032786886,1.5829918032786887,False,False
141,KIMG0193.JPG,success,DEGLARE,DEGLARE,True,0.6203510761260986,0.03257006892357935,0.0195403981264637,1.95403981264637,True,False
142,KIMG0193.JPG,success,DEGLARE,DEGLARE,True,0.612619161605835,0.03257006892357935,0.0195403981264637,1.95403981264637,True,False
143,KIMG0193_fliph.JPG,success,DEGLARE,DEGLARE,True,0.6108927726745605,0.032847477452565464,0.019008587041373926,1.9008587041373926,True,False
144,KIMG0193_fliph.JPG,success,DEGLARE,DEGLARE,True,0.6110422611236572,0.032847477452565464,0.019008587041373926,1.9008587041373926,True,False
145,KIMG0194.JPG,success,DEGLARE,DEGLARE,True,0.581413984298706,0.030497600271085896,0.015683548009367682,1.5683548009367683,True,False
146,KIMG0194.JPG,success,DEGLARE,DEGLARE,True,0.6104521751403809,0.030497600271085896,0.015683548009367682,1.5683548009367683,True,False
147,KIMG0194_fliph.JPG,success,DEGLARE,DEGLARE,True,0.5771763324737549,0.030589974209599705,0.015366412958626074,1.5366412958626074,True,False
148,KIMG0194_fliph.JPG,success,DEGLARE,DEGLARE,True,0.5881776809692383,0.030589974209599705,0.015366412958626074,1.5366412958626074,True,False
149,KIMG0195.JPG,success,DEGLARE,DEGLARE,True,0.5872921943664551,0.03025016789677608,0.01800107338017174,1.8001073380171742,True,False
150,KIMG0195.JPG,success,DEGLARE,DEGLARE,True,0.5962469577789307,0.03025016789677608,0.01800107338017174,1.8001073380171742,True,False
151,KIMG0195_fliph.JPG,success,DEGLARE,DEGLARE,True,0.5882918834686279,0.18,0.01801814988290398,1.801814988290398,True,False
152,KIMG0195_fliph.JPG,success,DEGLARE,DEGLARE,True,0.6235461235046387,0.18,0.01801814988290398,1.801814988290398,True,False
153,KIMG0196.JPG,success,DEGLARE,DEGLARE,True,0.6979038715362549,0.02357531384425252,0.011824258391881342,1.1824258391881342,True,False
154,KIMG0196.JPG,success,DEGLARE,DEGLARE,True,0.4108085632324219,0.02357531384425252,0.011824258391881342,1.1824258391881342,True,False
155,KIMG0196_fliph.JPG,success,DEGLARE,DEGLARE,True,0.5599527359008789,0.023249431778351263,0.011753512880562061,1.175351288056206,True,False
156,KIMG0196_fliph.JPG,success,DEGLARE,DEGLARE,True,0.5609965324401855,0.023249431778351263,0.011753512880562061,1.175351288056206,True,False
157,KIMG0197.JPG,success,DEGLARE,DEGLARE,True,0.5761063098907471,0.02295754344213088,0.011814500390320063,1.1814500390320064,True,False
158,KIMG0197.JPG,success,DEGLARE,DEGLARE,True,0.5972926616668701,0.02295754344213088,0.011814500390320063,1.1814500390320064,True,False
159,KIMG0197_fliph.JPG,success,DEGLARE,DEGLARE,True,0.5675594806671143,0.022958779083652032,0.011438817330210772,1.1438817330210773,True,False
160,KIMG0197_fliph.JPG,success,DEGLARE,DEGLARE,True,0.561089277267456,0.022958779083652032,0.011438817330210772,1.1438817330210773,True,False
161,KIMG0198.JPG,success,DEGLARE,DEGLARE,True,0.4622037410736084,0.03817818878108995,0.015671350507416082,1.5671350507416082,True,False
162,KIMG0198.JPG,success,DEGLARE,DEGLARE,True,0.4590139389038086,0.03817818878108995,0.015671350507416082,1.5671350507416082,True,False
163,KIMG0198_fliph.JPG,success,DEGLARE,DEGLARE,True,0.4631972312927246,0.03859447726993691,0.01529078844652615,1.5290788446526151,True,False
164,KIMG0198_fliph.JPG,success,DEGLARE,DEGLARE,True,0.4546933174133301,0.03859447726993691,0.01529078844652615,1.5290788446526151,True,False
165,KIMG0199.JPG,success,DEGLARE,DEGLARE,True,0.6328623294830322,0.18,0.014224726775956284,1.4224726775956285,True,False
166,KIMG0199.JPG,success,DEGLARE,DEGLARE,True,0.638052225112915,0.18,0.014224726775956284,1.4224726775956285,True,False
167,KIMG0199_fliph.JPG,success,DEGLARE,DEGLARE,True,0.6440551280975342,0.18,0.013439207650273224,1.3439207650273224,True,False
168,KIMG0199_fliph.JPG,success,DEGLARE,DEGLARE,True,0.6405460834503174,0.18,0.013439207650273224,1.3439207650273224,True,False
169,KIMG0200.JPG,success,DEGLARE,DEGLARE,True,0.694720983505249,0.18,0.017396077283372367,1.7396077283372366,False,False
170,KIMG0200.JPG,success,DEGLARE,DEGLARE,True,0.7330660820007324,0.18,0.017396077283372367,1.7396077283372366,False,False
171,KIMG0200_fliph.JPG,success,DEGLARE,DEGLARE,True,0.6864211559295654,0.18,0.016300741608118657,1.6300741608118656,False,False
172,KIMG0200_fliph.JPG,success,DEGLARE,DEGLARE,True,0.6919844150543213,0.18,0.016300741608118657,1.6300741608118656,False,False
173,KIMG0201.JPG,success,DEGLARE,DEGLARE,True,0.7220346927642822,0.18,0.01950136612021858,1.9501366120218582,False,False
174,KIMG0201.JPG,success,DEGLARE,DEGLARE,True,0.7342116832733154,0.18,0.01950136612021858,1.9501366120218582,False,False
175,KIMG0201_fliph.JPG,success,DEGLARE,DEGLARE,True,0.7198998928070068,0.18,0.018640222482435596,1.8640222482435596,False,False
176,KIMG0201_fliph.JPG,success,DEGLARE,DEGLARE,True,0.7212293148040771,0.18,0.018640222482435596,1.8640222482435596,False,False
177,KIMG0202.JPG,success,DEGLARE,DEGLARE,True,0.9352319240570068,0.06496961115089346,0.018176717408274784,1.8176717408274783,False,False
178,KIMG0202.JPG,success,DEGLARE,DEGLARE,True,0.7160067558288574,0.06496961115089346,0.018176717408274784,1.8176717408274783,False,False
179,KIMG0202_fliph.JPG,success,DEGLARE,DEGLARE,True,0.6864144802093506,0.06501655887303441,0.017027712724434037,1.7027712724434036,False,False
180,KIMG0202_fliph.JPG,success,DEGLARE,DEGLARE,True,0.6851048469543457,0.06501655887303441,0.017027712724434037,1.7027712724434036,False,False
181,KIMG0203.JPG,success,DEGLARE,DEGLARE,True,0.7387807369232178,0.055325461661870884,0.021738387978142076,2.1738387978142075,True,False
182,KIMG0203.JPG,success,DEGLARE,DEGLARE,True,0.6760609149932861,0.055325461661870884,0.021738387978142076,2.1738387978142075,True,False
183,KIMG0203_fliph.JPG,success,DEGLARE,DEGLARE,True,0.7242588996887207,0.05516605714270523,0.020928473848555815,2.0928473848555815,True,False
184,KIMG0203_fliph.JPG,success,DEGLARE,DEGLARE,True,0.7621321678161621,0.05516605714270523,0.020928473848555815,2.0928473848555815,True,False
185,KIMG0204.JPG,success,DEGLARE,DEGLARE,True,0.6176245212554932,0.031942001466004837,0.01843286494925839,1.8432864949258392,True,False
186,KIMG0204.JPG,success,DEGLARE,DEGLARE,True,0.6154742240905762,0.031942001466004837,0.01843286494925839,1.8432864949258392,True,False
187,KIMG0204_fliph.JPG,success,DEGLARE,DEGLARE,True,0.6546683311462402,0.03216137563472384,0.01804010538641686,1.804010538641686,True,False
188,KIMG0204_fliph.JPG,success,DEGLARE,DEGLARE,True,0.6152865886688232,0.03216137563472384,0.01804010538641686,1.804010538641686,True,False
189,KIMG0205.JPG,success,DEGLARE,DEGLARE,True,0.6134159564971924,0.03298047524284228,0.010502049180327868,1.0502049180327868,True,False
190,KIMG0205.JPG,success,DEGLARE,DEGLARE,True,0.6058874130249023,0.03298047524284228,0.010502049180327868,1.0502049180327868,True,False
191,KIMG0205_fliph.JPG,success,ENHANCE,ENHANCE,True,0.6064474582672119,0.03341572326672399,0.009936085089773615,0.9936085089773614,True,False
192,KIMG0205_fliph.JPG,success,ENHANCE,ENHANCE,True,0.6053786277770996,0.03341572326672399,0.009936085089773615,0.9936085089773614,True,False
193,KIMG0206.JPG,success,DEGLARE,DEGLARE,True,0.6406450271606445,0.03467565655501524,0.013763661202185792,1.3763661202185793,True,False
194,KIMG0206.JPG,success,DEGLARE,DEGLARE,True,0.6146087646484375,0.03467565655501524,0.013763661202185792,1.3763661202185793,True,False
195,KIMG0206_fliph.JPG,success,DEGLARE,DEGLARE,True,0.6175131797790527,0.03503403990840725,0.012802498048399688,1.2802498048399689,True,False
196,KIMG0206_fliph.JPG,success,DEGLARE,DEGLARE,True,0.6334066390991211,0.03503403990840725,0.012802498048399688,1.2802498048399689,True,False
197,KIMG0207.JPG,success,DEGLARE,DEGLARE,True,0.4721541404724121,0.03034730399521513,0.012548790007806402,1.2548790007806403,True,False
198,KIMG0207.JPG,success,DEGLARE,DEGLARE,True,0.4562249183654785,0.03034730399521513,0.012548790007806402,1.2548790007806403,True,False
199,KIMG0207_fliph.JPG,success,DEGLARE,DEGLARE,True,0.455981969833374,0.030613978442609838,0.011943793911007026,1.1943793911007026,True,False
200,KIMG0207_fliph.JPG,success,DEGLARE,DEGLARE,True,0.4628002643585205,0.030613978442609838,0.011943793911007026,1.1943793911007026,True,False
